"sex","height","age"
"male",150.77,13.25
"female",170.59,14.17
"female",167.31,15.17
"female",165.72,16.58
"female",171.67,15.17
"female",143.74,12.67
"female",157.93,12.75
"male",157.73,17.17
"female",168.72,16.67
"male",142.01,12.17
"female",152.83,10.83
"female",166.48,15
"female",166.08,18
"male",166.45,15.92
"female",148.56,12.08
"male",142.7,12.42
"male",143.99,12.83
"male",159.13,18.92
"female",145.74,10.42
"female",160.1,13
"male",168.42,15
"male",167.33,16.08
"male",164.14,18.5
"male",142.19,11.17
"male",183.2,15.08
"female",151.02,14.75
"male",140.86,11.08
"male",160.69,13.83
"female",164.8,15.08
"female",166.83,15.67
"female",140.94,10.08
"male",173.82,16.67
"female",145.08,9.92
"male",152.87,12.25
"female",161.36,13.92
"female",161.2,15
"female",160.9,16.5
"male",156.98,12.67
"female",163.89,17.67
"female",174.85,17.58
"female",156.39,12.75
"female",164.7,15.17
"male",157.27,17.58
"female",162.16,14.75
"male",131.13,10.83
"female",160.14,17.83
"male",150.41,13.75
"male",154.05,12.92
"male",163.15,14.58
"male",161.35,14.25
"female",167.64,14.17
"female",132.46,9.42
"male",122.6,9
"male",143.8,9
"male",126.39,8.92
"male",138.24,9.17
"male",141.7,11.17
"male",151.03,12.08
"female",165.82,15.67
"female",168.98,15
"female",163.77,15.5
"female",129.27,7.17
"male",134.81,13.17
"female",131.39,7.92
"female",155.76,12.67
"female",161.77,16
"female",158.2,15.42
"female",163.47,15.75
"female",132.63,9.83
"male",123.02,8.75
"female",173.24,16.08
"male",170.08,15.42
"male",166.33,15.5
"female",169.72,13.92
"male",175.13,16.92
"female",168.13,13.75
"female",165.21,15.58
"female",168.12,18.75
"female",170.87,14.17
"male",164.06,15.33
"male",161.04,16.42
"female",143.51,10.5
"male",135.92,10
"male",143.79,10.92
"male",128.82,8.83
"female",161.65,15.17
"female",159.29,14.92
"male",168.02,16.58
"female",162.76,14.75
"male",129.56,9.67
"female",167.09,18.5
"female",155.41,12.92
"female",159,13.67
"female",170.43,16.83
"female",126.24,8.67
"male",174.96,18.17
"male",176.95,17.08
"male",170.07,15.83
"female",168.6,15.75
"male",171.89,14.92
"female",154.42,11.42
"male",149.84,13
"male",136.42,12.75
"female",147.63,9.25
"female",140.44,8.92
"male",147.03,14
"female",157,16
"male",181.5,17.75
"female",164.98,16.25
"male",147.24,13.92
"female",143.25,10.75
"female",171.89,15.5
"male",147.85,13.75
"male",141.22,10.33
"female",138.07,11.5
"female",160.24,14.08
"male",164.33,15.33
"female",174.23,15.92
"female",164.84,16.25
"male",138.56,10.75
"female",139.69,9.83
"male",159.82,13.83
"female",124.38,6.75
"male",142.65,10.42
"male",129.31,8.08
"male",140.88,11
"male",121.72,6.67
"male",174.49,15.83
"male",113.66,7.33
"male",122.61,7.42
"male",138.72,10.67
"male",171.32,18
"female",153.23,13.42
"male",147.26,11.92
"male",143.83,12.5
"male",170.67,14.83
"male",168.17,15.83
"female",154.94,15.42
"female",149.18,12.5
"female",161.61,12.67
"male",166.09,16
"female",132.99,7.25
"male",162.95,15.33
"male",164.6,14.25
"male",138.48,10.67
"male",140.14,10
"male",136.39,8.92
"female",156.64,16.5
"female",159.21,14.25
"male",181.23,17
"male",152.42,12.25
"male",162.67,14.58
"male",146.03,11.5
"female",164.76,18.42
"male",140.65,10.83
"female",127.4,7.58
"male",133.43,8.17
"male",128.84,10
"female",148.18,9.83
"female",144.18,9.42
"male",145.11,12.83
"male",160.87,12.75
"male",159.21,16.58
"female",161,17.17
"male",136.46,11.42
"male",134.94,11.17
"male",148.9,10.83
"male",137.01,11.67
"male",125.17,8.67
"female",150.38,11.25
"female",162.8,16.08
"female",171.64,17.83
"female",155.34,15
"male",169.62,15
"male",125.71,10.58
"female",168.71,14.83
"female",165.55,14.92
"female",143.2,9.58
"male",172.4,16.17
"male",169.56,14.83
"male",150.35,11.75
"female",122.16,8.67
"male",177.77,18.58
"male",159.17,14.58
"male",168.7,15.67
"female",170.89,15
"male",131.4,10
"female",161.97,14.83
"female",166.91,15.83
"female",136.82,10.08
"female",153.67,15.08
"female",143.49,10.67
"female",167.76,16.92
"female",144.63,10.17
"male",162.76,14.58
"male",132.86,10.67
"male",165.41,15.42
"male",141.11,8.92
"male",167.41,14.67
"female",127.72,7.67
"male",166.56,16.42
"female",154.55,12.33
"male",150.46,10.5
"female",160.05,17.67
"female",159.69,15.33
"male",168.86,15.08
"male",152.73,11.42
"female",158.02,16.83
"female",159.23,17
"female",151.15,10.33
"female",167.96,17
"female",150.69,12.58
"male",136.59,8.67
"male",174.08,15
"female",146.86,10.17
"female",147.49,10
"male",176.45,16.92
"male",181.73,15.17
"female",159.78,18.33
"male",140.04,13.42
"female",168.06,15.92
"female",157.32,14.67
"female",159.55,11.75
"female",161,13.08
"female",165.52,13.75
"male",158.37,13.83
"male",163.8,18.08
"female",162.08,16.67
"male",175.06,16.5
"female",127.1,7
"male",132.89,9.58
"female",165.89,14.5
"male",131.54,12.08
"female",140.93,9.83
"female",135.4,9.17
"male",165.89,14.92
"female",130.23,9.83
"female",161.46,16.08
"female",162.35,16.17
"female",152.93,15.92
"male",169.27,16.17
"male",157.47,14
"female",167.82,16.83
"male",150.9,11.67
"female",165.66,16.08
"male",146.64,10.67
"male",157.57,14.58
"female",133.8,9.25
"male",184.82,16.67
"female",172.74,13.33
"male",155.21,15.83
"female",161.95,14
"male",167.09,16.5
"male",137.75,11.5
"female",146.27,12.92
"female",163.94,15
"female",157.35,12.83
"male",157.65,13.42
"male",118.59,8.83
"male",174.71,18.25
"female",145.47,12.75
"male",122.88,8.42
"male",113.85,8.33
"male",132.95,9.58
"female",159.74,13.33
"male",167.88,14.92
"male",164.68,16.42
"male",175.36,17
"female",158.48,12.92
"male",122.2,7.25
"male",114.83,7.08
"male",144.45,11
"female",165.12,16
"female",158.74,15.08
"male",166.39,17.08
"male",138.38,9.83
"female",155.27,14.92
"female",163.35,13.75
"male",143.95,12.08
"female",156.1,12.75
"female",155.83,15.67
"female",160.8,13.5
"female",129.63,9.25
"male",153.98,16.17
"male",127.32,8.92
"male",165.98,15.08
"female",155.9,11.92
"male",161.29,13.67
"female",165.84,17
"male",129.33,8
"male",143.37,10.5
"male",134.42,11.08
"male",162.07,13.92
"female",141.42,9.58
"female",169.71,15.42
"female",159.47,12.83
"male",124.52,9.42
"male",134.12,10
"male",143.05,11.25
"female",158.07,17.17
"female",117.68,6.58
"female",178.79,16.17
"female",152.87,13
"male",132.7,10.83
"female",157.51,17.67
"female",151.03,12.08
"male",163.47,14
"male",121.54,6
"female",162.09,14.75
"female",135.44,9.08
"female",136.02,11.42
"male",171.75,14.92
"female",134.24,9.58
"male",137.78,9.92
"male",170.72,15.25
"male",166.29,16.67
"male",141.31,9.92
"female",158.39,17.83
"female",144.82,11.58
"female",156.82,13.17
"male",149.18,11.33
"female",180.76,14.92
"male",143.15,12.33
"female",154.81,15.83
"female",163.45,16.92
"female",165.05,15.5
"male",171.51,16.75
"male",145.37,13.42
"female",133.43,9.25
"male",153.95,15.58
"female",164.48,17.33
"female",150.95,11.17
"male",132.8,10.42
"male",157.03,16.75
"male",144.48,11.67
"female",133.22,9.75
"female",143.27,9.08
"female",164.81,13.42
"female",160.08,13.75
"female",159.59,18.75
"male",149.84,9.92
"male",165.67,16.17
"female",157.34,11.08
"female",135.65,8.67
"female",160.71,12.25
"female",166.61,17.58
"male",164.77,16
"male",145.71,12
"male",175.21,14.67
"male",169.58,18.42
"male",165.75,16.42
"male",162.31,18.75
"female",165.72,14.75
"female",135.67,10.5
"male",175.42,15.75
"male",157.77,13.75
"female",121.75,8.58
"male",175.66,16.25
"male",150.5,13.75
"female",155.33,12.58
"male",154.71,11.83
"male",151.73,12.67
"female",161.66,12.92
"male",118.24,7.25
"female",162.12,15.08
"male",146.97,14
"female",161.11,17.67
"male",146.45,9.83
"male",132.61,7.08
"male",121.93,8.25
"female",146.44,11.33
"female",152,16.33
"male",168.7,15.08
"female",156.53,13.58
"female",164.5,15.58
"male",167.32,14.42
"male",175.36,18.58
"female",154.35,13.58
"male",117.97,7.67
"male",169.94,16.25
"female",161,17.42
"female",156.89,14.58
"male",154.39,14.42
"male",160.06,14.33
"female",155.01,10.25
"female",157.5,14
"male",148.76,13.67
"male",178.48,18.58
"female",157.25,11.5
"male",165.84,13.92
"male",138.21,12.33
"female",150.01,15
"female",170.05,18.92
"female",139.35,9
"male",148.29,11.08
"male",158.4,15.08
"female",163.05,15.75
"female",155.51,12.33
"female",172.76,17.33
"female",161.09,13.92
"female",127.01,8.5
"female",149.3,12.5
"male",163.32,17.08
"female",153.33,12.17
"male",145.23,12
"male",146.98,12.58
"female",160.91,16.75
"male",175.56,15.75
"male",163.02,15
"female",165.97,15
"male",116.86,6.42
"male",171.81,16.75
"male",143.29,10
"male",147.29,13.08
"female",155.81,16.5
"male",134.7,11.33
"female",160.31,15.75
"female",155.94,16.33
"female",177.73,15
"male",140.82,12.25
"female",155.67,9.92
"female",119.77,6.92
"female",152.34,12.33
"male",156.87,15.08
"male",139.87,12.08
"female",139.86,9.25
"male",124.83,9.25
"female",141.03,10.33
"female",147.59,11.25
"female",136.26,7.08
"female",122.61,6.08
"male",170.82,15.75
"female",169.47,18.75
"male",178.13,16.67
"female",165.18,15.92
"female",159.37,12.67
"female",156.16,11.83
"female",165.57,17
"female",154.18,18.25
"male",147.76,13.25
"male",148.58,12.25
"female",167.49,14.75
"female",156.4,16
"female",163.62,15.92
"male",178.23,17.42
"female",140.79,9.08
"female",167.82,15.58
"female",151.26,17
"female",164.05,16.5
"male",169.88,17.33
"female",161.35,16.67
"male",163.57,14.67
"female",150.17,12.5
"male",147.87,11.67
"male",143.88,10.92
"male",168.67,15.17
"female",147.43,10
"male",175.35,15.5
"female",156.56,14.67
"male",167.51,16.67
"male",163.99,15.42
"female",172.28,17.42
"female",157.17,12.58
"male",170.3,15.75
"male",163.22,15.92
"male",181.11,14.67
"female",158.46,12.5
"female",160.59,14.5
"male",133.98,8.58
"male",154.74,14.5
"female",152.93,12.83
"female",159.64,15.08
"female",166.52,16.25
"female",156.6,16.83
"male",165.49,18.17
"female",167.11,13.58
"male",143.33,10.58
"male",154.53,15.17
"male",121.67,7.17
"female",147.02,11.08
"male",136.28,12.42
"male",123.47,9.33
"male",134.73,8.75
"female",155.62,12.17
"female",169.78,16.67
"male",171.5,15.75
"male",162.28,15.58
"female",141.16,11.5
"female",158.23,16.58
"male",160.17,14.92
"female",157.57,15.25
"male",141.3,12.75
"male",163.99,14.25
"female",152.72,12.67
"male",154.59,12.75
"female",157.42,16.67
"male",162.12,15.92
"male",174.29,17.17
"male",171.6,17.08
"male",174.13,16.75
"male",175.45,15.67
"male",144.81,11.75
"male",164.12,17.25
"male",145.43,12.83
"female",134.62,9.42
"female",155.94,11.42
"male",176.71,15.42
"female",153.6,12.83
"male",134.1,12.58
"male",142.44,9.17
"male",175.62,16.75
"male",168.74,18.83
"male",168.94,18.25
"male",166.26,14.58
"male",118.9,6.75
"male",155.31,12.75
"male",161.38,18.92
"male",140.21,10
"male",165.41,16.17
"male",174.32,16.08
"male",175.28,16.17
"male",139.34,9.42
"female",155.61,13.92
"female",163.42,15.83
"female",162.88,13.42
"male",180.41,14.83
"female",164.79,15.58
"male",168.02,18.5
"male",179.19,16.5
"male",147.15,12.17
"male",135.33,10.08
"female",160.31,16.33
"male",134.14,11
"male",165.67,15.92
"female",154.71,14.42
"male",151.38,11.42
"male",149.59,11.92
"male",155.76,14.42
"female",160.82,15.58
"male",175.89,17
"male",122.07,10.08
"male",174.2,16.25
"female",164.91,15.17
"male",129.88,9.17
"female",171.54,15.58
"female",159.75,13.75
"male",155.86,15
"female",137.24,9.83
"male",169.91,15.75
"female",170.95,15
"female",162.05,18
"male",163.6,17
"female",149.86,12.67
"male",168.57,17.08
"male",159.2,15.25
"male",179.92,15.58
"female",125.75,8.42
"male",178.82,16.08
"male",177.38,16.75
"male",137.2,8.5
"female",158.08,18.5
"male",149.04,16.17
"female",161.47,14.25
"female",161.74,15.67
"male",148.7,13.67
"female",154.56,16.5
"male",121.32,6
"female",174.53,16.25
"male",180.19,16
"female",166.38,15.83
"male",162.72,13.42
"female",159.85,13.92
"female",167.54,17.33
"female",156.77,17.33
"male",144.82,12.33
"male",173.65,16.33
"female",154.71,12.92
"male",151.87,12.08
"male",143.92,11.83
"female",156.46,11.25
"male",129.26,8.58
"male",155.47,14
"male",136.28,12.25
"male",168.42,16.42
"female",161.23,12.17
"male",117.77,9
"male",127.47,8.58
"male",163.93,15.17
"female",139.32,10.25
"male",162.86,13.92
"male",131.2,10.92
"male",163.67,17.33
"male",141.15,10.75
"female",161.01,14.75
"female",125.81,6.75
"male",175.17,17
"male",118.53,7.67
"female",166.78,15.58
"female",148.49,11.08
"female",153.52,18.25
"male",175.57,15.5
"male",146.91,10.92
"male",134.13,13.42
"male",133.15,10.17
"male",140.23,10.83
"female",159.45,14.83
"male",136.96,9.33
"male",155.54,12.83
"female",163.46,16.58
"male",167.44,15.42
"female",157.83,14.83
"male",168.4,14.75
"male",168.84,16.67
"female",160.92,16.08
"female",156.03,12.58
"female",147.77,12
"male",157.85,14.33
"female",148.5,14.08
"female",166.02,15.33
"female",162.65,16.58
"female",168.6,12.92
"female",140.92,11.5
"female",166.66,15
"female",155.74,11.58
"male",184.89,16.92
"female",124.38,9.17
"female",165.57,16.08
"female",115.44,6.08
"male",158.89,15.75
"female",155.36,15
"male",160.57,14.5
"female",151.37,12.17
"male",151.54,11.75
"female",165.04,13.92
"female",164.8,17.58
"female",167.74,15.17
"female",159.01,15.08
"female",124.41,9.33
"male",147.74,12.58
"female",153.9,15.58
"male",176.01,18.42
"female",135.56,7.58
"male",126.14,9.33
"male",160.44,15.17
"female",162.04,13.58
"male",146.94,12.08
"male",174.43,17.42
"female",164.12,14.5
"female",161.65,16.08
"male",166.28,14.58
"female",150.73,11.5
"female",173.85,18.5
"female",162.74,14.67
"male",114.76,6.42
"male",146.08,11.42
"female",129.62,9.25
"male",126.36,10
"female",159.01,17
"male",143.19,14.5
"male",139.71,11.5
"male",160.75,13.33
"male",173.98,13.08
"female",155.67,12.25
"female",123.3,7.17
"male",167.95,15.33
"male",156.95,13.08
"female",171.74,16
"female",136.96,10.5
"female",161.84,13.08
"male",164.29,14.92
"female",128.14,6.83
"female",163.57,17.25
"male",147.99,10.67
"male",176.81,17.08
"male",165.96,15.67
"male",166.05,14.08
"female",157.65,12.92
"male",133.31,10.75
"female",121.78,8.25
"female",169.56,17.17
"male",126.54,11.42
"male",145.68,11.5
"male",177.69,15.08
"female",163.78,14.58
"male",172.71,16.42
"male",179.61,17.17
"female",134.37,9.75
"male",136.34,11.25
"male",177.97,15.92
"female",161.9,14.75
"male",173.29,18.67
"male",166.48,15.08
"male",168.14,13.33
"male",123.71,8.17
"male",126,9.17
"female",154.66,13.75
"male",154.09,13.42
"female",174.83,14.83
"male",148.51,11.92
"female",132.81,9.83
"male",140.12,11.33
"female",165.07,18.25
"male",148.17,11.83
"male",137.56,8.25
"female",127.32,8.25
"male",166.25,15.67
"female",127.92,7.33
"female",148.97,10.92
"female",154.69,15
"female",138.99,10.5
"female",145.2,11.83
"female",160.57,13.5
"female",154.38,12.75
"female",163.84,15.17
"female",153.06,15.75
"female",168.01,17.33
"male",145.4,12.75
"male",102.08,8.25
"male",181.54,18.08
"male",156.8,10.42
"female",132.66,6.83
"male",132.09,10.58
"female",166.86,15.92
"female",167.89,16.17
"male",166.8,18.33
"male",169.24,15.25
"female",163.96,18
"female",140.6,11.17
"female",157.01,16.58
"female",152.9,11
"female",154.87,12.92
"female",163.68,18.33
"female",159.85,13.83
"female",144.66,12.67
"female",170.29,15.42
"male",147.4,14.58
"male",133.76,9.83
"female",149.22,11.92
"female",150.04,12.5
"male",176.21,14.83
"male",169.85,16.17
"female",164.36,16.08
"male",180.89,17
"male",166.64,16
"female",167.11,17.17
"female",164.1,18.75
"female",158.17,15.17
"female",166.21,16.83
"female",143.42,10.92
"male",164.01,15.33
"male",158.24,13.33
"female",129.99,9.17
"female",163.26,18.17
"male",143.03,10.92
"female",143.49,8.17
"male",163.26,14.5
"female",138.51,11.33
"male",145.64,12.17
"female",165.97,14.67
"male",167.78,16.17
"female",149.6,9.92
"male",169.02,17.17
"female",165.58,16.42
"male",128.42,9.67
"male",147.95,12.17
"male",179.49,16.33
"male",138.89,12.75
"male",155.71,13.67
"male",173.59,14.75
"male",146.13,10.83
"male",131.15,9.42
"female",135.16,9.67
"female",167.96,15.33
"female",156.64,14.75
"male",174.31,15.75
"male",135.92,11.5
"female",147.42,13
"male",167.31,16.25
"female",155.45,14.5
"male",158.2,12.83
"female",156.3,15.75
"male",132.22,9.67
"female",158.18,12.5
"male",167.23,15
"male",160.32,18.17
"male",172.92,15.92
"male",152.13,12.58
"female",159.28,13.25
"male",165.02,14.75
"male",167.72,17.17
"male",164.38,15.17
"male",132.98,9.33
"female",151.2,13.33
"male",172.55,15.83
"male",168.31,16.42
"female",150.63,11.67
"female",145.72,11.08
"male",150.52,10.25
"male",116.88,6.92
"female",132.92,9.83
"female",169.25,15.33
"male",130.76,9.75
"female",153.62,14.42
"male",158.08,15.25
"female",146.8,11.08
"male",176.56,18.33
"female",136.66,10.42
"female",133.13,6.67
"female",152.28,12.17
"female",138.24,8.17
"female",171.15,15.08
"male",147.98,13
"female",139.38,9.58
"male",159.83,13.33
"female",157.56,16.58
"male",166.28,12.92
"male",140.14,11.92
"male",178.27,16.42
"male",149.5,9.67
"male",129.46,9.5
"female",162.73,18
"male",145.81,10.42
"female",159,17.5
"female",154.75,12.92
"male",164.07,13.75
"male",171.89,16.92
"male",156.03,14.83
"male",148.92,11.92
"male",150.03,15
"female",160.92,16.5
"male",164.86,14.75
"female",128.35,8.42
"male",153.46,13.33
"male",173.42,16.17
"female",156.34,12.33
"female",160.83,15
"male",179.51,14.75
"female",168.75,17
"female",134.06,6.83
"male",132.66,11.25
"female",154.58,17
"male",172.44,18.08
"female",148.61,10.5
"male",165.43,15.08
"female",160.43,12.5
"male",139.63,12.08
"female",171.94,14.67
"female",168.64,14.58
"male",134.82,10.75
"female",124.16,6.33
"female",161.31,18.42
"male",157.03,14.67
"male",129.58,9
"female",129.96,7.75
"female",153.57,12.67
"female",147.93,12.25
"female",153.41,15.08
"female",151.91,16.58
"male",171.95,16.75
"female",155.63,15.08
"male",154.3,12.58
"female",128.09,6.75
"female",150.15,14.83
"female",166.03,18.92
"male",140.29,10.08
"male",174.07,18.58
"female",162.65,14.83
"male",153.5,12.67
"female",163.16,16
"male",176.84,16
"male",174.2,16.08
"male",166.99,15.67
"male",142.73,10.25
"female",165.48,16.42
"female",150.8,11.58
"male",168.22,17.17
"male",129.23,10.25
"female",146.85,11.25
"female",137.34,10.17
"female",162.07,15
"female",157.43,15
"male",133,10.5
"female",120.65,7.67
"male",174.47,15.08
"female",159.59,18.42
"female",156.68,13.08
"female",136.65,10.33
"female",163.41,15.67
"male",119.17,7.25
"female",154.13,11.5
"female",130.89,7.08
"female",151.43,11.67
"female",153.14,15.92
"male",126.39,8.67
"male",159.18,14.17
"female",166.69,15.58
"male",173.13,15.75
"male",136.94,10.67
"male",151.43,10.17
"male",172.37,14.42
"female",164.04,15.42
"female",126.17,5.5
"female",155.4,11.92
"male",126.97,9.42
"male",118.49,6.67
"female",129.32,6.75
"female",160.37,15.08
"male",129.12,6.83
"male",160.24,16.75
"female",169.52,14.92
"female",152.7,14.92
"male",125.57,7.67
"male",169.01,16.42
"male",129.3,7.83
"female",116.78,6.75
"male",127.87,9.08
"male",173.87,14.83
"female",157.26,16.25
"male",165.71,18.17
"female",168.49,16.5
"male",164.04,17.17
"male",156.54,14.08
"female",156.05,13.42
"male",157.87,12.92
"female",164.29,14.67
"female",159.39,15.92
"female",174.8,16.67
"male",162.95,18.75
"male",133.4,10.08
"male",137.91,12.5
"male",172.54,16.08
"female",144.39,8.83
"female",165.06,14.75
"female",139.81,10.67
"female",150.53,12.25
"female",142.64,9.92
"male",178.39,15.08
"male",176.26,16.42
"male",123.38,9.83
"female",160.47,13.17
"male",174.61,16.67
"female",159.1,13.17
"female",138.3,9.67
"male",177.9,17.25
"female",159.31,16.92
"female",164.7,12.5
"female",149.93,10
"female",143.49,10.75
"female",150.06,15.08
"male",160.61,14.58
"female",164.87,18.33
"male",165.72,14.83
"male",137.57,10.42
"female",153.22,15.83
"male",169.57,14.42
"female",137.08,10.75
"male",176.71,15.17
"female",143.03,10.75
"female",157.13,17.25
"male",148.47,12.17
"male",140.66,9.83
"female",158.42,15.58
"female",168.89,14.08
"male",173.61,17.08
"female",163.63,18.75
"male",165.24,16.17
"male",137.01,12.5
"male",155.27,14
"female",167.1,16.67
"female",169.07,16.08
"female",166.73,15.75
"male",172.99,16.33
"male",156.05,13.42
"male",135.96,11
"female",159.72,13.08
"male",154.13,14.17
"male",136.28,11.67
"male",134.57,10.42
"female",154.74,12.75
"female",172.84,15.92
"female",148.78,11.83
"female",145.44,10.33
"male",155.86,12.58
"male",146.13,12.42
"female",146.2,10.83
"female",123.66,5.42
"male",129.5,10.42
"male",173.58,15.75
"female",146.9,9.92
"female",134.93,7
"female",137.33,9.17
"female",170.7,16.25
"female",116.92,6.42
"male",154.67,11.67
"female",171.49,15.92
"male",179.55,18.08
"female",131.56,10
"female",150.05,12.17
"female",137.66,10.33
"male",153.5,12.75
"female",169.21,14.75
"female",152.9,17.33
"female",157.08,12.17
"female",139.33,10.17
"female",161.53,16.25
"female",153.22,12.25
"male",175.66,16.5
"female",131.44,9.58
"female",160.31,15.58
"male",137.98,11.75
"female",163.2,15.75
"male",148.15,10.92
"female",156.63,17.83
"female",143.71,10
"male",160.02,12.33
"male",151.16,11.83
"male",176.62,16.5
"female",140.58,9.42
"female",131.75,7.58
"male",145.96,12.5
"female",175.26,16.08
"female",130.24,6.92
"male",136.41,11
"female",167.73,13.83
"female",148.45,11.33
"male",167.36,13.92
"female",120.05,6.58
"male",147.14,12.75
"female",159.53,17.92
"male",162.84,14.5
"female",167.4,13.25
"female",165.92,14.75
"female",159.58,14.25
"female",152.12,12.17
"female",162.48,12.67
"female",127.98,8.42
"female",136.76,8.17
"male",164.7,17.42
"female",151.39,12.25
"female",145.07,10.83
"male",155.93,13.25
"male",119.95,5.83
"female",159.64,12.92
"male",166.62,14.42
"female",136.28,8.42
"male",169.82,17.33
"male",141.34,11.17
"male",127.41,7.33
"male",149.98,12.67
"male",165.71,17.33
"female",158.51,14.75
"male",163.38,15.83
"male",177.76,17.58
"male",172.92,18.08
"male",143.85,10.5
"female",165.04,18.5
"female",150.38,10.42
"male",163.38,14.67
"female",168.42,17.5
"female",134.57,8.92
"female",165.29,17.67
"female",127.72,7.5
"female",173.96,14.42
"female",168.87,13.42
"female",163.4,15.17
"female",148.55,16.75
"female",165.45,17
"female",168.4,15.83
"male",160.02,15.83
"male",160.68,17.25
"female",162.59,17.92
"male",150.84,13.67
"female",159.4,12.33
"male",152.91,13.67
"female",122.78,7.33
"male",158.32,14.33
"female",159.65,14.92
"male",162.84,15.92
"female",180.12,16.58
"female",164.05,14.42
"female",169.38,17.83
"female",164.68,14.83
"female",162.99,16.42
"female",142.96,9.75
"female",155.01,14.67
"male",166.71,16.75
"female",129.45,8.5
"male",151.06,15.92
"female",139.15,10.17
"female",134.3,9.58
"female",169.28,16.33
"female",137.6,10.17
"male",142.25,10.75
"female",123.35,7.92
"male",130.06,8.58
"male",139.61,13.75
"female",138.3,9.08
"female",165.34,13.75
"female",158.18,12.5
"female",167.07,13.83
"male",160.19,16.08
"male",159.76,15
"female",140.22,9.75
"female",141.5,10
"female",163.82,15.33
"male",131.33,9
"female",169.28,13.75
"male",169.97,17
"female",155.32,14.67
"female",162.9,16.5
"male",157.97,14.25
"female",159.22,15.08
"male",147.03,12.08
"female",159.85,14.08
"female",161.31,15.92
"male",139.4,10.83
"male",162.83,15.75
"male",165.3,13.75
"male",132.33,9.33
"male",162.16,15.83
"female",156.55,16.83
"female",160.54,15
"male",149.94,11.5
"male",176.3,17.08
"female",157.58,12
"male",144.23,12.33
"male",168.53,14.83
"female",160.33,14.83
"male",155.1,12.58
"male",153.82,12.17
"male",165.32,15.92
"female",119.77,6.5
"female",157.06,15.17
"female",165.89,14.92
"male",128.11,9.67
"female",144.42,9.75
"male",172.81,17.33
"male",176.24,15.25
"male",178.27,16.5
"female",127.1,6.75
"male",147.08,12.83
"male",151.36,12.75
"female",171.45,15.42
"male",156.62,14.67
"female",155,14.75
"female",156.36,13.75
"female",134.79,10.33
"female",160.44,14.67
"male",161.95,14.5
"male",155.11,15.83
"male",145.89,11.75
"female",164.67,17.08
"male",174.54,16.5
"male",166.92,16.5
"female",136.67,10
"male",174.66,17.25
"female",172.01,15.25
"male",117.31,8.33
"male",161.85,16.75
"male",127.03,9.67
"male",169.6,18.92
"female",157.03,17.08
"female",163.59,16.5
"female",162.79,17.92
"female",157.05,14.92
"female",163.29,15.17
"male",168.76,17.75
"female",160.89,17.92
"male",131.86,10.33
"male",132.54,9.92
"female",148.15,11.17
"male",148.09,11.92
"male",143.15,10.83
"female",170.48,17.75
"male",179.83,17.5
"male",123.72,11
"male",144.93,9.92
"male",164.19,17.08
"female",155.26,14.92
"female",144.65,16
"female",139.43,9.75
"male",174.2,15.42
"female",155.61,12.33
"female",127.22,8.17
"male",167.38,16.5
"male",168.12,16.33
"female",154.18,15.67
"male",173.08,15.67
"male",150.87,12.58
"male",117.6,6
"female",149.54,12.5
"female",159.25,14.83
"female",158.24,15.08
"male",150.43,12.58
"male",163.2,16.83
"female",162.56,17.17
"female",154.78,10.83
"female",166.81,14.75
"female",159.33,14.58
"female",155.01,11.17
"female",151.75,16.58
"female",126.55,7.08
"male",168.74,14.25
"male",140.38,11.17
"female",161.7,13.67
"male",157.34,18.58
"female",125.28,8.83
"male",167.74,14.92
"female",146.48,12.17
"female",168.34,15
"male",113.33,5.83
"female",170.53,18.17
"female",161.11,14.5
"male",141.02,12.92
"male",137.58,11.83
"male",164.01,14.42
"male",176.44,16.5
"female",150.02,10.83
"male",138.18,10.33
"male",165.16,15
"female",158.5,17.25
"female",161.93,15.83
"female",138.28,13.67
"male",165.35,13.67
"male",172.32,14.17
"male",168.78,15.58
"male",137.92,9.75
"male",139.65,12.83
"male",159.83,15
"female",160.6,14.75
"male",155.47,16.25
"female",158.85,17.58
"male",124.96,8.75
"male",175.13,16.25
"male",160.71,16.17
"male",148.41,12.42
"male",174.64,13.42
"female",155.67,16.67
"female",167.59,18.17
"female",154.48,13.92
"male",158.16,13.67
"male",120.03,8.08
"female",167.4,16.67
"male",169.63,15.83
"female",162.29,15.67
"male",154.34,13.83
"male",162.03,15.33
"female",147.72,11.25
"male",163.2,16.08
"male",161.83,14.92
"female",158.72,16.42
"male",177.45,17
"female",140.47,10.17
"male",160.09,13.42
"male",167.37,14.17
"male",140.15,12.33
"male",180.32,16.75
"female",137.2,8.5
"male",138.44,9.17
"male",151.38,12.67
"male",153.58,12.58
"female",165.06,15.33
"female",158.67,15.17
"female",156.84,15.83
"female",169.01,19
"female",161.25,18.17
"male",151,12.08
"female",167.63,13.08
"female",139.68,9.67
"female",120.98,7.33
"male",144.51,13.75
"male",163.03,15.5
"female",139.18,9.83
"male",138.49,10.83
"male",173.4,15.92
"female",167.75,15.08
"male",143.03,13.25
"female",141.77,11.25
"female",155.36,10.5
"male",182.18,15.42
"female",161.43,15.58
"female",179.29,16.75
"male",181.65,17.5
"male",154.32,12.83
"male",168.01,17.42
"male",140.63,13.67
"female",139.23,9.92
"male",170.88,16.67
"female",141.63,11.5
"male",169.14,16.17
"male",167.75,15.33
"female",161.45,15
"female",166.24,15.67
"male",170.15,18.42
"female",166.19,16.83
"male",175.75,13.67
"female",168.23,18.5
"male",128.84,12.08
"female",157.04,15.25
"female",159.09,13.08
"female",167.03,14.42
"female",129.68,8.5
"female",136.61,9.83
"female",169.74,18.33
"female",163.36,15.58
"male",143.46,9.67
"male",175.15,15
"male",112.64,6.42
"male",136.85,11.25
"male",117.11,7.25
"male",173.72,15.5
"female",160.42,16.83
"female",150.34,10.67
"female",116.21,5.83
"male",127.29,8.58
"male",152.63,12.33
"male",170.31,15.42
"male",189.27,16.92
"male",122.63,6.83
"female",154.98,12.17
"male",120.98,6.92
"male",175.19,17
"female",130.35,7.25
"male",136.36,9.42
"female",124.53,8.92
"male",168.42,16.58
"male",150.66,14
"female",150.23,10
"male",135.04,9.58
"male",149.8,12.92
"male",132.72,9.83
"male",153.49,16.25
"male",157.8,13.67
"male",139.28,10.25
"female",119.58,7.83
"male",180.14,17
"female",141.76,10.83
"female",149.31,11.17
"male",183.27,17.67
"male",174.59,17
"female",135.9,7.25
"female",163.88,18.83
"female",157.97,12.92
"female",148.45,10.08
"female",117.2,7.42
"female",164.66,16.08
"male",175.56,18.67
"female",156.85,14.25
"male",167.1,17
"female",168.56,15.83
"female",161.84,14
"female",160.23,14.92
"male",175.19,18.08
"male",167.19,16.08
"male",127.79,7.83
"male",135.34,9.67
"female",145.67,13.08
"female",155.91,14.75
"male",143.24,12.58
"female",145.62,11.92
"female",153.4,14.42
"female",146.81,11.83
"male",140.57,11.17
"female",157.18,15
"female",166.97,15.75
"male",142.64,10.17
"male",173.09,17.5
"female",165.88,16.67
"female",145.88,11.83
"female",165.69,15
"female",165.84,14.08
"male",175.67,17.08
"female",142.25,10.33
"female",158.97,14.08
"female",155.7,15.25
"male",141.71,9.67
"male",158.08,18.33
"female",160.12,12.5
"male",133.5,11.42
"female",154.17,12.92
"male",146.46,12.5
"female",120.67,7.33
"female",116.12,6.75
"female",162.14,17.83
"male",128.24,9
"female",174.27,15.83
"male",173.09,16.92
"male",122.8,6.83
"male",147.76,12.83
"female",165.36,16.25
"male",148.92,12.58
"male",135.3,9.83
"male",167.05,14
"female",155.37,14.42
"male",124.59,8.92
"male",176.34,16.58
"male",133.27,9.67
"female",142.35,10.33
"male",155.89,13.5
"female",135.98,9.92
"female",153.08,14
"male",153.76,13.42
"female",148.09,10.58
"male",159.65,16.42
"female",165.33,14.25
"female",170.39,15.5
"male",163.33,13.58
"male",154.17,14
"male",166.46,14.67
"female",160.71,13.92
"female",135.65,9.42
"female",162.9,14.42
"male",172.49,16.33
"male",169.88,15.75
"male",134.16,7.5
"female",159.79,16.58
"female",162.69,16.42
"male",152.36,12.33
"male",138.69,10.58
"male",158.1,14.58
"female",158.56,16.5
"male",148.34,11.75
"male",135,9.33
"male",170.52,14.67
"male",170.37,17.08
"female",173,15.83
"female",160.24,18.25
"female",162.15,15.58
"female",151.94,12.33
"male",140.3,10.75
"female",169.91,17.67
"male",127.49,10.08
"male",143.64,15.08
"male",144.34,12.58
"male",163.52,18.75
"female",166.22,15.08
"female",170.67,15.08
"male",166.88,17.33
"male",144.42,14.5
"male",150.87,11.83
"male",151.81,14.58
"female",149.79,10.92
"female",160.65,15.25
"female",160.39,14.5
"male",136.22,12.42
"male",127.32,8.67
"female",165.11,16.08
"male",182.73,18.75
"male",155.46,15.42
"male",140.51,11.75
"female",110.56,7.58
"female",158.99,12.92
"female",160.94,16.83
"male",136.9,10.25
"female",135.65,10.5
"female",154.22,12.75
"female",157.66,17.42
"male",145.77,10.08
"male",173.35,16.25
"male",144.75,13.83
"male",174.49,17.75
"female",161.12,15.25
"female",156.76,11.75
"female",163.93,15.08
"male",117.78,6
"male",139.47,11.92
"female",157.68,14.67
"female",175.02,16.5
"female",151.95,17.5
"male",119.13,8.33
"male",136.92,10.25
"female",129.25,9.58
"male",130.42,12.42
"male",133.03,9.17
"male",146.57,12.42
"male",167.57,15.25
"male",131.73,7.92
"female",168.54,16.67
"female",162.44,11.33
"female",133.94,8.17
"male",129.08,8.17
"female",168.92,13.83
"male",143.83,13.17
"male",154.12,15.17
"male",153.81,14
"female",141.19,10.67
"female",164.95,15.75
"male",167.28,15.17
"female",163.09,13.42
"male",151.1,13.92
"female",150.45,10.67
"male",173.43,16.75
"female",166.55,14.75
"female",164.68,16.17
"male",137.76,12.08
"female",172.86,18.67
"male",145.74,11.67
"male",158.31,13.83
"female",127.71,7.42
"male",162.25,16.08
"female",157.15,17.58
"male",154.38,15.08
"male",149.3,11.83
"male",137.13,12.42
"male",138.16,9.83
"male",143.16,13.33
"male",172.77,16.67
"female",144.55,10.33
"male",173.85,14.58
"female",165.47,14.92
"male",131.02,10.42
"male",142.38,12.58
"male",107.31,7.08
"male",164.34,14.33
"female",166.27,16.08
"female",163.71,18.25
"male",176.91,14.92
"male",158.56,14.83
"male",162.08,14.25
"male",175.27,14.92
"male",136.09,12.17
"male",156.47,12.33
"female",130.48,8.33
"male",157.92,13.5
"female",158.79,15.17
"male",153.86,14
"male",165.91,14.92
"female",134.71,8.58
"male",166.13,14.92
"female",161.99,14.75
"female",154.76,15.25
"male",152.11,12.33
"male",144.37,12.58
"female",138.57,8.58
"male",159.44,12.17
"male",160.29,14.92
"male",168.95,15.58
"male",156.71,15.58
"male",134.8,10.75
"male",170.29,15.5
"male",172.54,15.25
"male",174.08,14.92
"female",128.22,8.83
"female",172.52,15.58
"male",173.82,16.08
"female",131.19,10.5
"male",164.29,13.92
"male",165.4,15
"male",152.95,11.92
"male",122.58,8.33
"female",153.76,14.75
"male",140.71,10.25
"female",155.81,12.67
"female",155.25,13.42
"female",172.6,15.58
"male",175.09,17.17
"female",126.2,8.42
"female",131.31,9.33
"female",170.66,15.5
"male",123.7,8.33
"male",141.55,12.58
"male",162.4,13.33
"female",156.1,14.58
"male",159.72,14.83
"female",165.58,16.92
"female",147.49,11.42
"male",178.55,17.67
"male",174.85,16.42
"female",163,15.5
"male",174.2,15.5
"male",165.28,16.5
"male",126.66,9
"male",131.05,8.5
"female",154.31,11.08
"male",158.71,16.5
"female",164.6,16.83
"female",129.14,7.25
"male",160.22,14.25
"male",164.52,14.83
"female",143.65,9.75
"female",135.19,7.67
"female",173.2,16.83
"female",166.15,13.58
"female",136.69,9.75
"female",138.55,9.42
"male",169.55,17.92
"male",166.29,16.58
"female",130.21,8.67
"male",144.87,10.33
"female",155.83,15.67
"female",157.68,12.75
"male",155.31,11.75
"female",120.64,5.5
"female",174.52,17.33
"male",152.75,12.92
"male",130.65,11.17
"female",137.6,9.33
"male",154.36,12.83
"male",176.6,16.08
"male",169.98,16.42
"male",134.32,10.17
"female",157.84,16.92
"male",170.25,18
"male",145.2,12.5
"male",186.05,18.17
"female",145.9,10.5
"female",136.37,9.58
"female",152.39,11.92
"female",129.34,10.08
"male",172.25,13.92
"male",136.74,9.75
"female",161.4,16.33
"female",149.98,11.42
"female",165.09,15.33
"female",159.99,12.33
"female",171.47,18.42
"female",162.3,18
"male",172.23,17.33
"female",147.26,17.42
"female",138.58,10
"male",171.5,16.17
"female",154.06,12.5
"male",141.34,12.58
"male",171.2,16.33
"male",147.83,11.08
"male",158.75,17.67
"male",143.7,12
"male",122.64,7.25
"female",152.13,12.75
"female",137.85,6.92
"male",167.19,15.08
"male",132.01,8.33
"male",139.51,11.5
"male",150.13,12.92
"male",145.99,11.83
"female",145.39,10.58
"male",171.64,15.5
"male",130.76,10.58
"female",162.35,18.5
"male",153.95,13.92
"male",128.76,8.42
"female",160.68,18.5
"female",148.38,16.25
"male",141.39,9.92
"male",151.69,14.83
"male",167.55,15.42
"male",169.56,17.17
"male",170.19,18.42
"female",144.84,12.92
"male",152.6,12
"female",134.36,10.42
"female",166.95,16.42
"male",150.9,15
"male",170.56,14.92
"male",165.01,18
"male",174.2,18
"male",168.27,14.92
"female",122.43,8.58
"female",141.23,9.08
"female",168.49,16.08
"female",159.8,17.5
"male",169.26,17.92
"female",171.49,16.67
"male",152.08,11.67
"male",112.4,5.83
"female",160.53,17.92
"female",158.52,11.25
"male",132.36,10
"female",136.47,9
"female",153.48,16.33
"female",118.55,9.25
"male",155.2,12.83
"female",124.92,6.25
"male",169.89,16.75
"male",146.63,11.25
"female",151.75,12.92
"male",121.68,7.42
"male",118.51,6.42
"male",134.91,12.42
"male",170.44,14.67
"male",182.52,16.92
"female",132.17,8
"female",140.01,10.75
"male",116.26,9.25
"male",169.47,16.58
"male",159.07,15.5
"female",171.02,15.08
"female",170.34,14.25
"female",161.51,17.17
"female",160.93,13.67
"male",161.31,14.67
"female",156.5,18.42
"female",167.46,16.33
"female",124.59,7.67
"female",170.81,17.67
"female",145.62,10
"female",166.16,13.75
"male",173.56,17
"female",140.64,10.58
"female",170.06,17
"male",124.91,7.17
"male",162.39,16.08
"male",149.87,10.92
"male",135.43,10.83
"male",155.31,13.42
"female",150.37,13.67
"female",152.3,12.17
"female",126.44,8.5
"female",122.58,7.75
"male",166.97,15
"female",145.89,12.92
"female",157.75,16.83
"female",148,9.17
"female",166.59,15.33
"male",152.28,12.08
"male",161.48,16.08
"male",138.35,10.58
"female",163.21,13
"male",177.07,17
"female",163.72,17.33
"female",163.81,16.5
"female",162.37,14.08
"female",154.58,12.83
"female",152.69,12.42
"female",169.91,17
"female",120.27,6.58
"male",172.48,16.75
"female",155.73,13.67
"female",172.92,13
"male",143.38,13.42
"female",156.42,15
"female",136.95,9.67
"female",157.41,13.5
"male",133.33,8.67
"male",146.45,11.75
"female",165.4,17.67
"female",156.24,13.83
"female",161.39,16.17
"male",166.49,15.25
"female",141.5,11.75
"male",174.46,16.75
"female",163.66,18.5
"female",153.58,15.25
"male",130.05,10.67
"male",145.27,12.83
"male",132.12,9.08
"female",157.6,14.75
"female",167.01,14.92
"male",140.94,8.67
"male",136.51,9.33
"male",174.02,14.25
"male",157.24,13.92
"male",159.74,15.58
"male",136.74,11.92
"male",171.06,18.17
"female",147.99,11.5
"female",159.43,18
"female",153.93,14.58
"female",155.89,13.33
"female",153.31,10.5
"male",137.33,11.08
"female",160.89,11.33
"female",116.89,7.67
"female",164.57,15.83
"female",151.24,10.25
"female",156.22,14.42
"female",130.82,9.17
"male",133.59,10.17
"female",164.2,16.33
"male",179.11,15.42
"male",156.96,15.75
"male",171.75,15.42
"male",149.25,11.83
"male",171.45,15.08
"female",163.42,17.17
"male",143.09,10.08
"male",143.97,10.08
"female",166.68,15.08
"male",169.48,18.83
"male",130.3,7.83
"female",144.58,11.5
"male",149.86,11.83
"male",162.96,13.25
"male",172.35,16.17
"female",131.25,9.75
"female",156.56,15.08
"male",177.67,15.92
"male",114.62,6.67
"female",155.82,15.33
"female",153.38,15
"male",128.18,9.83
"female",144.96,11.17
"female",146.76,12.33
"male",137.32,11.33
"female",151.02,14
"male",180.11,16
"male",146.9,12.25
"female",170.39,16.25
"female",151.33,12.83
"male",143.15,12.17
"male",176.98,18.5
"male",147.31,10.75
"male",163,15.5
"female",159.4,14.67
"female",147.28,10.75
"female",149.13,14
"male",158.36,15
"female",159.1,13.92
"male",137.57,9.83
"female",158.65,17.58
"female",149.49,11.25
"male",120.8,6.25
"female",162.25,16.58
"male",162.72,14.75
"female",150.65,11.42
"female",161.7,17
"male",159.07,15.08
"male",150.38,12.17
"female",156.25,16
"male",130.53,8.58
"male",144.22,12.75
"female",162.1,14.08
"female",126.18,7.08
"female",151.67,13.08
"female",130.44,6.83
"female",138.47,9.75
"female",169.12,18.25
"female",136.53,10.83
"female",169.78,14.83
"male",172.72,15.25
"female",151.57,14.75
"female",159.07,15.5
"male",125.18,8.33
"female",157.59,17.17
"male",177.52,17.67
"female",168.78,16
"male",137.39,10.17
"female",168.49,18.5
"male",147.39,12.58
"male",156.91,13.42
"male",157.86,15.33
"male",138.65,9.92
"male",160.85,14.83
"female",154.44,18.33
"female",164.15,14.92
"male",132.91,10.08
"male",163.68,15.33
"female",148.61,9.42
"female",120.79,7.33
"male",166.64,16.08
"female",135.73,8.25
"male",140.58,11.75
"female",165.18,13.08
"female",153.62,12.58
"male",166.42,16.92
"female",138.74,11.17
"female",152.9,14.92
"male",142.52,13.5
"male",153.63,12.67
"male",141.17,10.08
"female",171.31,13.92
"female",170.59,16.42
"male",151.25,14.25
"female",162.55,14.08
"male",143.49,12.67
"female",161.7,16.33
"male",169.36,14.92
"female",157.67,13.33
"female",134.36,6.5
"male",176.42,16.42
"male",173.48,16.67
"female",145.94,12.58
"male",153.53,14.17
"male",185.23,15.58
"male",144.11,14.17
"male",153.65,17.42
"female",162.81,12.67
"male",174.95,17.5
"male",136,9.83
"male",141.48,11.08
"female",171.58,16.42
"male",134.49,10.75
"female",147.5,12.83
"female",170.06,15.33
"female",166.15,14.5
"male",121.77,7.42
"female",143.13,12.08
"male",165.32,16.5
"male",154.78,11.92
"female",155.23,14.67
"male",146.06,13.83
"female",170.74,15.75
"female",136.79,9.83
"male",130.92,10
"female",153.09,11.75
"male",154.9,15
"male",153.25,12.25
"male",140.75,12.83
"male",161.17,15.75
"female",140.74,10.5
"female",152.74,13.67
"male",158.2,15.25
"male",168.07,16.17
"female",158.16,18.17
"female",160.45,17.17
"male",145.53,12.08
"male",129.79,10.67
"male",129.59,9.5
"male",175.17,15.25
"male",150.09,14.33
"female",117.38,6.08
"female",130.33,6.33
"female",166.87,18.42
"female",153.46,12.17
"female",133.4,9.33
"female",160.99,14
"male",153.9,13.92
"female",162.47,16.83
"male",166.02,13.92
"male",140.51,11.5
"male",135.79,10.33
"male",127.48,9.33
"male",137.39,9.42
"male",141.85,9.83
"female",158.19,16.75
"female",130.6,8.42
"female",115.07,5.83
"male",144.03,11
"female",139.39,10.67
"male",167.1,16.25
"male",155.63,15.83
"female",165.84,15.08
"male",152.96,13.92
"male",170.35,17.08
"female",163.79,17.42
"female",152.37,10.5
"female",131.55,7.25
"female",163.77,15.75
"female",164.33,17
"female",153.98,11.17
"male",147.34,14.75
"male",178.78,18.25
"male",174.1,16.17
"male",168.02,15.17
"male",131.73,9.67
"male",162.38,15.08
"female",145.21,12.17
"male",156.18,14
"male",142.33,11.75
"female",143.97,11
"male",162.46,18.08
"female",137.25,7.75
"male",142.95,10.75
"female",162.22,12.83
"male",161.53,14.92
"female",127.87,7.83
"male",161.68,15.25
"female",170.43,16.25
"female",167.67,16.58
"female",125.98,7.92
"female",124.02,8.08
"female",162.62,13.67
"female",154.25,14.67
"female",167.11,15.08
"male",139.07,10.08
"female",164.52,15.75
"male",165.44,17.33
"male",146.45,11.75
"male",145.28,12.17
"female",160.92,12.83
"female",127.29,7.83
"male",170.8,18.08
"male",138.39,10.67
"male",154.69,14.25
"male",185.89,15.83
"male",159.05,15.25
"female",146.52,10.42
"female",162.32,15.5
"male",141.45,11.83
"male",177.09,14.33
"male",163.87,14.83
"female",163.45,13.08
"male",160.36,13.17
"female",142.5,10.92
"female",144.7,10.5
"male",142.27,12.92
"male",147.49,12.42
"female",165.64,14.42
"female",140.4,12.5
"female",165.22,16.92
"male",148.84,9.83
"female",158.82,14.75
"male",135.47,10
"male",151.55,14.08
"male",142.37,11.08
"male",141.96,9.67
"male",141.66,11.92
"female",163.41,13
"male",154.74,14.58
"male",182.38,17.08
"female",172.01,14.5
"male",146.6,10.08
"female",151.83,12.67
"male",169.36,15
"male",169.29,15.92
"male",137.4,10.5
"male",151.74,13
"female",166.38,17.58
"male",170.04,14.83
"male",176.11,15.25
"male",146.87,12.5
"male",135.25,10.33
"male",162.02,15.08
"male",130.6,9
"female",166.63,17.5
"female",172.86,17.25
"male",155.12,12.67
"female",149.8,16.5
"male",167.37,17.58
"male",109.86,6.25
"female",168.5,14
"female",151.08,11.33
"female",161.35,13.75
"female",156.65,16.67
"female",127.25,10
"male",146.48,11.42
"female",154.85,12.17
"female",156.1,13.33
"male",132.7,10.17
"female",146.69,10.75
"female",158.15,12.17
"female",164.45,15.75
"female",137.18,8.58
"male",118.89,12
"male",176.58,17.75
"male",155.13,13.92
"male",167.85,15.42
"female",160.53,15
"female",137.32,9.08
"female",130.68,10
"female",163.97,16.5
"female",159.44,17.33
"male",116.43,8.42
"male",154.04,15
"female",115.91,7.42
"male",177.96,15.17
"female",157.74,18.58
"male",131.17,8.25
"female",129.32,9.83
"male",164.83,15.58
"female",163.05,14.92
"female",159.44,11.33
"female",161.16,14.83
"male",175.52,17.75
"female",159.59,15.08
"male",174.61,15.08
"female",163.35,17.17
"male",175.76,16.5
"male",166.1,16.58
"female",159.84,13.75
"female",158.09,16.67
"male",176.59,16.25
"female",157.39,13
"female",156.89,16.25
"male",138.91,8.92
"male",159.39,14.92
"male",166.34,16
"male",133.17,8.92
"female",143.45,12.33
"male",151.88,14
"female",154.26,13.67
"male",166.11,15.75
"male",151.99,12.92
"male",178.01,18.75
"male",140.68,11.33
"female",167.65,18
"female",161.52,13.67
"male",134.72,10.42
"male",164.04,15.92
"male",161.07,16
"female",128.6,8.58
"male",138.66,10.5
"male",165.81,16.5
"male",132.24,11
"female",132.51,6.75
"female",147.65,10.17
"male",172.56,18
"male",165.93,15.08
"female",158.24,16.08
"male",145.07,12.25
"female",162.67,14.42
"female",150.09,12.42
"female",148.54,13.17
"female",155.56,13.42
"male",163.56,14.58
"male",176.35,17
"male",129.51,8.08
"male",147.99,12.67
"female",155.37,17.17
"male",137.45,10.08
"female",164.57,17.67
"male",157.34,13.67
"male",153.24,13.92
"female",140.18,10.75
"female",133.44,7.92
"male",169.07,17.33
"male",126.32,8
"male",147.82,11.83
"male",132.18,9.75
"male",164.61,13.67
"male",144.06,12.5
"male",148.04,11.33
"female",157.61,16.08
"male",138.25,10.92
"female",155.16,12.17
"male",136.03,9.75
"male",167.78,18
"female",163.93,14.33
"male",153.33,12.33
"female",158.53,16.25
"male",173.43,15.42
"male",149.64,14.83
"female",162.02,17.83
"female",115.14,7.17
"male",132.76,10.25
"male",147.82,13.92
"female",161.28,17.33
"female",147.24,9.92
"male",139.68,11.83
"male",152.76,12.75
"male",174.89,17
"female",151.83,14.92
"male",141.83,9.67
"male",134.66,8.33
"male",130.69,10.25
"male",135.75,11.5
"female",147.65,10.17
"male",157.27,14.42
"male",148.47,14
"female",158.66,14.67
"male",157.53,14.67
"male",135.57,10
"male",132.2,10.17
"male",150.51,12.08
"male",166.64,17
"female",160.66,15.33
"female",144.25,11
"female",172.03,15.08
"female",140.01,10.17
"female",160.15,12.67
"male",162.12,16
"female",155.56,14.58
"female",160.75,14.58
"male",148.06,12.42
"male",145.18,12.17
"male",146.6,9.83
"female",173.71,17.17
"female",132.21,9.25
"female",157.09,15.58
"male",157.17,15.25
"male",171.89,16.25
"female",164.52,16.17
"female",147.9,12.5
"female",165.36,16.08
"male",143.84,12
"female",156.12,15.75
"female",163.13,16.17
"male",130.49,8.33
"male",139.05,11.92
"male",173.04,15.58
"male",167.82,14.42
"male",155.92,14.83
"female",162.38,15.58
"female",167.98,16.33
"male",147.01,15.33
"female",171.37,15.67
"female",156.92,15.5
"male",145.85,12.58
"male",142.52,12.08
"male",155.53,12.67
"female",175.59,16.42
"female",150.35,14.5
"female",171.78,13.92
"male",172.27,16.17
"male",166.11,17.17
"male",135.26,10
"male",162.87,14.58
"male",150.41,14.17
"male",141.79,13.5
"male",143.91,10.67
"female",121.26,8.83
"female",164.67,15.25
"male",181.39,18.25
"male",152.17,10.25
"female",140.14,10.25
"female",116.54,6.75
"male",169.12,16.92
"male",118.94,7.5
"male",182.19,14.33
"female",164.15,13.42
"male",139.33,10.08
"male",173.67,18
"female",161.96,18.92
"female",122.16,6.5
"male",143.09,9.42
"female",156.92,12.08
"male",142.98,12
"male",159.94,15.42
"male",142.71,10.17
"male",136.03,12.33
"male",157.21,13.67
"male",162.44,14.42
"female",148.67,13
"female",173.07,15.92
"female",155.71,12.58
"female",172.21,17.83
"female",143.6,8.67
"male",129.91,9.83
"male",143.52,12.33
"female",161.41,15.83
"female",158.02,14.83
"female",156.38,14.83
"male",161.25,12.75
"female",153.7,16.08
"female",159.63,12.75
"male",143.32,10.33
"female",164.13,14.25
"female",169.7,16.67
"female",156.2,12.75
"female",148.06,10.67
"male",146.26,11.42
"male",177.87,16.17
"female",133.17,8.17
"male",165.24,14.17
"female",160.32,12.75
"female",139.78,9.33
"female",124.3,8.75
"male",129.04,8.08
"female",160.07,14.42
"male",171.11,17.58
"male",156.39,14.25
"female",157.36,15.58
"female",119.05,7.08
"male",180.79,16.92
"male",125.86,9.75
"male",171.36,16.75
"female",154.88,12.92
"female",172.13,14.08
"male",172.26,16.17
"female",172.09,16.67
"female",157.08,16.08
"female",163.72,16.67
"male",114.42,7.5
"female",134.48,9.08
"male",170.62,16.75
"female",137.49,9.33
"male",178.15,17.17
"female",147.06,10.58
"male",170.59,16
"male",169.71,17.17
"female",154.37,12.75
"male",127.28,9.75
"female",151.86,12
"male",171.57,17
"male",148.65,11.17
"male",113.18,7.08
"male",155.56,13.33
"male",146.36,10.75
"female",143.12,11.33
"female",164.64,16.17
"male",179.76,14.83
"female",141.32,10.25
"male",135.86,9.58
"male",175.81,17.5
"female",132.88,9.08
"male",167.26,15.08
"male",123.62,7.42
"male",120.44,6.92
"male",143.76,10.17
"male",165.82,17.67
"male",159.37,14.33
"female",163.8,15.5
"female",164.86,15.17
"male",148.93,12
"male",148.2,12
"female",157.04,15.33
"female",125.01,6.92
"female",122.97,6.75
"female",164.83,15.75
"male",173.41,16.92
"male",162.99,16.17
"male",173.01,18
"male",145.37,12.83
"male",171.71,16.25
"female",118.8,6.83
"male",178.98,16.92
"male",173.21,15.58
"female",166.79,16.17
"female",150.59,10.75
"female",164.89,12.67
"female",128.68,8.5
"female",147.18,12.5
"male",160.88,16.08
"male",138.31,10.92
"male",133.03,9.67
"male",165.89,16.08
"male",126.22,9.75
"male",125.66,10.83
"female",157.08,16.5
"female",160.9,15.25
"female",163.98,16.25
"male",169.23,18.08
"female",160.12,14
"male",147.13,10.08
"female",131.52,8.17
"male",135.3,11.33
"female",157.21,17.75
"female",154.94,11.25
"female",165.36,13.75
"male",173.51,17
"female",151.53,13.42
"female",162.15,12.17
"female",165.33,18.42
"male",175.03,15
"male",141.15,10.42
"male",119.3,7.83
"female",149.91,12.83
"male",168.94,18.17
"male",181.8,18.92
"male",151.18,12.75
"male",139.96,11.5
"female",157.56,13.75
"male",176.84,18.33
"male",173.97,17.75
"female",149.88,11.75
"male",156.37,15.42
"female",160.86,18.33
"female",165.6,14.92
"female",135.54,8.5
"male",135.16,10.17
"female",146.18,10.08
"male",153.76,15
"female",161.01,14.58
"male",130.4,11.33
"female",158.74,18
"male",130.04,9.75
"male",124.87,8.42
"male",129.73,8.33
"female",161.53,14.5
"male",167.46,14.08
"female",161.79,16.33
"female",129.11,8.42
"male",122.96,8.17
"female",159.21,14
"male",168.65,14.17
"female",163.54,16
"female",166.08,15.58
"male",172.67,17.08
"male",140.09,11
"female",146.72,11.5
"male",173.01,14.92
"male",172,17.92
"female",150.12,11
"male",173.92,15.75
"male",137.42,9.17
"female",168.87,18.17
"male",123.73,9.67
"male",174.35,16.58
"male",123.24,7.08
"male",153.15,14.42
"male",175.12,15.75
"male",165.2,14.75
"female",153.07,13.75
"male",144.38,10.42
"male",157.67,15
"female",167.78,18.75
"male",161.82,14.67
"male",147.84,13.5
"female",163.48,12.58
"female",130.31,6.92
"female",116.7,6.58
"female",160,13.58
"male",121.21,7.75
"male",172.13,15.67
"male",168.69,16.67
"male",143.44,10.92
"male",126.33,8.92
"male",173.56,17.33
"male",135.03,10.33
"male",167.09,15.42
"male",135.61,10.58
"female",161.88,18
"female",120.88,6.42
"male",138,9
"female",166.68,15.58
"female",162.09,12.92
"female",131.26,8.83
"female",139.07,9.83
"female",139.21,10
"female",139.98,10.33
"male",153.89,13.42
"male",176.25,16.92
"female",165.53,14.5
"male",162.74,12.67
"male",168.22,16
"male",169.41,14.58
"male",159.2,14.42
"female",166.34,15.92
"male",159.41,15.25
"female",165.51,15.42
"male",173.05,16.58
"male",156.56,13.25
"male",164.7,14.58
"female",123.68,9.83
"female",172.04,14.42
"male",156.51,14.25
"male",167.94,15.25
"male",142.12,10.67
"male",168.44,13.42
"female",164.61,16.83
"female",146.66,11.92
"female",162.48,14.75
"female",134.51,9.08
"male",110.28,6
"male",140.47,12.17
"female",149.99,13.67
"female",163.91,15.92
"female",158.64,12.83
"male",171.33,17.42
"male",148.98,14.33
"female",166.2,16.5
"female",136.93,9.08
"male",135.24,9.08
"female",151.37,14.08
"female",168.67,16.58
"female",165.73,16.08
"male",174.3,15.42
"male",136.94,10.08
"female",129.23,7
"male",114.77,6.92
"male",132.06,9.5
"female",142.29,10.25
"male",138.9,13.5
"male",155.79,13.92
"male",146.32,12.17
"female",162.94,15.92
"female",133.05,9.58
"female",142.49,11
"female",150.91,15.5
"male",127.72,8.08
"male",169.47,13.42
"female",132.32,9.83
"male",130.06,9.67
"male",145.81,11
"male",164.96,17.58
"female",153.28,12.83
"male",130.35,8.92
"male",169.98,18
"female",147.78,17
"female",169.85,17
"male",112.17,6
"female",167.64,18.25
"female",135.91,9.42
"male",148.65,12.92
"male",160.6,14.08
"female",119.47,6.83
"male",142.24,11.5
"female",174.8,15.42
"male",177.32,18.92
"female",138.72,9.83
"male",149.52,11.83
"female",124.56,6.92
"female",153.17,10.5
"male",126.05,8.08
"male",134.82,10.17
"female",168.2,14.42
"male",124.86,7.92
"male",162.42,13.92
"female",110.19,6.58
"male",137.43,11.17
"male",158.72,14.25
"male",157.84,14.17
"male",167.68,14
"male",167.29,18
"male",159.79,17.08
"male",153.6,13.5
"male",139.86,11.33
"male",161.69,18.33
"female",158.79,14.75
"male",161.43,14.17
"female",152.68,11.25
"female",154.5,12.75
"male",170.46,16.25
"female",169.18,14.08
"female",151.41,14.75
"female",155.65,13.08
"female",157.48,13.5
"male",138.59,11.83
"female",131.14,8.25
"male",179.29,18.58
